1234567,John Peter,600.0,41,M,1234,rty@jku.ie
1002001,John Pet,600.0,20,m,1234,pet@hjk.ie
1002002,Emma Johns,700.0,28,M,1234,ryu@tyu.ie
2003001,Roy Ben,900.0,36,M,1234,roy@mmc.ie
7000000,Tim Hu,600.0,41,M,1234,tim@mcc.ie
3008001,Kate Tim,700.0,28,M,1234,kate@mcc.ie
4000112,John May,600.0,45,M,1234,john@icc.ie
7000301,Peter James,600.0,41,M,1234,peter@icc.ie
9000201,Hu Tim,600.0,61,M,1234,hutim@mcc.ie
6000000,km lm ,600.0,51,m,1234,hgj@kjh.ie
7000000,lkj nnnmb,900.0,32,m,1234,hjk@jkl.ie
